,Property,Supplier2_Comparative_Mining,Title,Importance,Level,Data type,Number of entries,Number of unique entries,List up to 100 unique entries to view the structure of the event attributes,Length of the list of up to 100 unique entries,Number of duplicate entries,Number of undefined entries,Percentage of undefined entries
0,caseID,Supplier2_Comparative_Mining,Case ID,Mandatory attribute,Case level,string,349526,56127,"['4507016139 1', '4507016140 10', '4507016140 20', '4507016140 30', '4507016141 10', '4507016141 100', '4507016141 20', '4507016141 30', '4507016141 40', '4507016141 50', '4507016141 60', '4507016141 70', '4507016141 80', '4507016141 90', '4507016142 10', '4507016143 10', '4507016143 20', '4507016143 30', '4507016143 40', '4507016144 10', '4507016144 20', '4507016144 30', '4507016145 10', '4507016145 20', '4507016145 30', '4507016145 40', '4507016145 50', '4507016146 10', '4507016146 100', '4507016146 110', '4507016146 120', '4507016146 130', '4507016146 140', '4507016146 20', '4507016146 30', '4507016146 40', '4507016146 50', '4507016146 60', '4507016146 70', '4507016146 80', '4507016146 90', '4507016147 10', '4507016147 20', '4507016148 10', '4507016149 10', '4507016149 100', '4507016149 110', '4507016149 120', '4507016149 130', '4507016149 140', '4507016149 150', '4507016149 160', '4507016149 20', '4507016149 30', '4507016149 40', '4507016149 50', '4507016149 60', '4507016149 70', '4507016149 80', '4507016149 90', '4507016150 10', '4507016150 20', '4507016150 30', '4507016150 40', '4507016150 50', '4507016150 60', '4507016150 70', '4507016151 10', '4507016151 100', '4507016151 20', '4507016151 30', '4507016151 40', '4507016151 50', '4507016151 60', '4507016151 70', '4507016151 80', '4507016151 90', '4507016152 10', '4507016152 100', '4507016152 110', '4507016152 120', '4507016152 130', '4507016152 140', '4507016152 150', '4507016152 160', '4507016152 20', '4507016152 30', '4507016152 40', '4507016152 50', '4507016152 60', '4507016152 70', '4507016152 80', '4507016152 90', '4507016153 10', '4507016154 10', '4507016154 20', '4507016155 10', '4507016155 100', '4507016155 110', '4507016155 120']",100,293399,1495,0.43
1,event time:timestamp,Supplier2_Comparative_Mining,Timestamp,Mandatory attribute,Event level,datetime64[ns],349526,42173,"[numpy.datetime64('2018-03-14T03:11:00.000000000'), numpy.datetime64('2018-03-14T03:13:00.000000000'), numpy.datetime64('2018-03-14T03:14:00.000000000'), numpy.datetime64('2018-03-14T03:15:00.000000000'), numpy.datetime64('2018-03-14T03:16:00.000000000'), numpy.datetime64('2018-03-14T03:17:00.000000000'), numpy.datetime64('2018-03-14T05:33:00.000000000'), numpy.datetime64('2018-03-14T09:03:00.000000000'), numpy.datetime64('2018-03-16T08:35:00.000000000'), numpy.datetime64('2018-03-20T00:59:00.000000000'), numpy.datetime64('2018-03-20T10:13:00.000000000'), numpy.datetime64('2018-04-26T13:14:00.000000000'), numpy.datetime64('2018-03-20T07:05:00.000000000'), numpy.datetime64('NaT'), numpy.datetime64('2018-03-28T01:59:00.000000000'), numpy.datetime64('2018-04-03T14:30:00.000000000'), numpy.datetime64('2018-04-23T11:34:00.000000000'), numpy.datetime64('2018-05-09T09:17:00.000000000'), numpy.datetime64('2018-05-24T15:33:00.000000000'), numpy.datetime64('2018-03-16T12:14:00.000000000'), numpy.datetime64('2018-03-16T18:17:00.000000000'), numpy.datetime64('2018-04-06T01:59:00.000000000'), numpy.datetime64('2018-04-10T16:33:00.000000000'), numpy.datetime64('2018-04-11T12:58:00.000000000'), numpy.datetime64('2018-06-07T15:11:00.000000000'), numpy.datetime64('2018-03-16T12:16:00.000000000'), numpy.datetime64('2018-03-22T11:59:00.000000000'), numpy.datetime64('2018-04-07T01:59:00.000000000'), numpy.datetime64('2018-04-09T12:13:00.000000000'), numpy.datetime64('2018-04-10T14:29:00.000000000'), numpy.datetime64('2018-06-07T15:12:00.000000000'), numpy.datetime64('2018-03-16T15:41:00.000000000'), numpy.datetime64('2018-03-16T12:21:00.000000000'), numpy.datetime64('2018-04-05T17:38:00.000000000'), numpy.datetime64('2018-03-27T15:36:00.000000000'), numpy.datetime64('2018-03-30T13:42:00.000000000'), numpy.datetime64('2018-03-27T15:34:00.000000000'), numpy.datetime64('2018-03-23T13:16:00.000000000'), numpy.datetime64('2018-03-28T19:55:00.000000000'), numpy.datetime64('2018-03-21T00:59:00.000000000'), numpy.datetime64('2018-03-21T13:36:00.000000000'), numpy.datetime64('2018-04-04T19:06:00.000000000'), numpy.datetime64('2018-04-26T13:12:00.000000000'), numpy.datetime64('2018-03-22T08:19:00.000000000'), numpy.datetime64('2018-03-16T12:22:00.000000000'), numpy.datetime64('2018-04-01T01:59:00.000000000'), numpy.datetime64('2018-04-03T13:53:00.000000000'), numpy.datetime64('2018-04-05T09:03:00.000000000'), numpy.datetime64('2018-05-09T16:09:00.000000000'), numpy.datetime64('2018-03-16T12:36:00.000000000'), numpy.datetime64('2018-03-16T13:53:00.000000000'), numpy.datetime64('2018-04-05T10:15:00.000000000'), numpy.datetime64('2018-04-10T01:59:00.000000000'), numpy.datetime64('2018-04-10T17:19:00.000000000'), numpy.datetime64('2018-03-16T12:24:00.000000000'), numpy.datetime64('2018-03-17T00:59:00.000000000'), numpy.datetime64('2018-03-19T14:53:00.000000000'), numpy.datetime64('2018-03-22T11:44:00.000000000'), numpy.datetime64('2018-04-26T13:13:00.000000000'), numpy.datetime64('2018-03-16T12:25:00.000000000'), numpy.datetime64('2018-04-05T10:16:00.000000000'), numpy.datetime64('2018-04-10T17:22:00.000000000'), numpy.datetime64('2018-04-11T19:52:00.000000000'), numpy.datetime64('2018-03-16T12:26:00.000000000'), numpy.datetime64('2018-04-18T15:18:00.000000000'), numpy.datetime64('2018-04-19T01:59:00.000000000'), numpy.datetime64('2018-06-04T19:43:00.000000000'), numpy.datetime64('2018-06-28T16:05:00.000000000'), numpy.datetime64('2018-03-16T12:31:00.000000000'), numpy.datetime64('2018-03-24T00:59:00.000000000'), numpy.datetime64('2018-03-26T15:26:00.000000000'), numpy.datetime64('2018-03-29T13:29:00.000000000'), numpy.datetime64('2018-04-12T16:07:00.000000000'), numpy.datetime64('2018-03-26T15:28:00.000000000'), numpy.datetime64('2018-03-16T12:33:00.000000000'), numpy.datetime64('2018-04-09T15:41:00.000000000'), numpy.datetime64('2018-04-10T17:25:00.000000000'), numpy.datetime64('2018-04-11T12:40:00.000000000'), numpy.datetime64('2018-04-12T09:32:00.000000000'), numpy.datetime64('2018-04-12T18:21:00.000000000'), numpy.datetime64('2018-05-24T15:35:00.000000000'), numpy.datetime64('2018-03-16T12:34:00.000000000'), numpy.datetime64('2018-04-03T15:44:00.000000000'), numpy.datetime64('2018-04-12T09:30:00.000000000'), numpy.datetime64('2018-03-16T12:37:00.000000000'), numpy.datetime64('2018-04-20T01:59:00.000000000'), numpy.datetime64('2018-04-23T18:51:00.000000000'), numpy.datetime64('2018-04-27T10:21:00.000000000'), numpy.datetime64('2018-04-28T04:14:00.000000000'), numpy.datetime64('2018-06-28T16:02:00.000000000'), numpy.datetime64('2018-03-16T12:39:00.000000000'), numpy.datetime64('2018-03-19T15:35:00.000000000'), numpy.datetime64('2018-03-21T12:34:00.000000000'), numpy.datetime64('2018-03-20T15:59:00.000000000'), numpy.datetime64('2018-03-28T12:30:00.000000000'), numpy.datetime64('2018-03-20T15:48:00.000000000'), numpy.datetime64('2018-03-20T16:02:00.000000000'), numpy.datetime64('2018-03-16T12:43:00.000000000'), numpy.datetime64('2018-03-21T07:47:00.000000000'), numpy.datetime64('2018-04-06T17:34:00.000000000')]",100,307353,16078,4.6
2,event concept:name,Supplier2_Comparative_Mining,Activity,Mandatory attribute,Event level,string,349526,28,"['Record Service Entry Sheet', 'Record Goods Receipt', 'Create Purchase Order Item', 'Receive Order Confirmation', 'Vendor creates invoice', 'Record Invoice Receipt', 'Clear Invoice', <NA>, 'Remove Payment Block', 'Change Quantity', 'Price Change', 'Delete Purchase Order Item', 'Vendor creates debit memo', 'Revoke Invoice Receipt', 'Change Delivery Indicator', 'Block Purchase Order Item', 'Reactivate Purchase Order Item', 'Change Storage Location', 'Revoke Goods Receipt', 'Create Purchase Requisition Item', 'Update Order Confirmation', 'Change Approval for Purchase Order', 'Revoke Subsequent Invoice', 'Record Subsequent Invoice', 'Change payment term', 'Change Currency', 'Release Purchase Order', 'Set Payment Block', 'Change Rejection Indicator']",29,349498,16078,4.6
3,eventID ,Supplier2_Comparative_Mining,eventID ,Mandatory attribute,Event level,float64,349526,243,"[227000000000000.0, nan, 228000000000000.0, 229000000000000.0, 230000000000000.0, 231000000000000.0, 232000000000000.0, 233000000000000.0, 234000000000000.0, 235000000000000.0, 236000000000000.0, 237000000000000.0, 238000000000000.0, 239000000000000.0, 240000000000000.0, 241000000000000.0, 242000000000000.0, 243000000000000.0, 244000000000000.0, 245000000000000.0, 246000000000000.0, 247000000000000.0, 248000000000000.0, 249000000000000.0, 250000000000000.0, 251000000000000.0, 252000000000000.0, 253000000000000.0, 254000000000000.0, 255000000000000.0, 256000000000000.0, 257000000000000.0, 258000000000000.0, 259000000000000.0, 260000000000000.0, 261000000000000.0, 262000000000000.0, 263000000000000.0, 264000000000000.0, 265000000000000.0, 266000000000000.0, 267000000000000.0, 268000000000000.0, 269000000000000.0, 270000000000000.0, 271000000000000.0, 272000000000000.0, 273000000000000.0, 274000000000000.0, 275000000000000.0, 276000000000000.0, 277000000000000.0, 278000000000000.0, 279000000000000.0, 280000000000000.0, 281000000000000.0, 282000000000000.0, 283000000000000.0, 284000000000000.0, 285000000000000.0, 286000000000000.0, 287000000000000.0, 288000000000000.0, 289000000000000.0, 290000000000000.0, 291000000000000.0, 292000000000000.0, 293000000000000.0, 294000000000000.0, 295000000000000.0, 296000000000000.0, 297000000000000.0, 298000000000000.0, 299000000000000.0, 300000000000000.0, 301000000000000.0, 302000000000000.0, 303000000000000.0, 304000000000000.0, 305000000000000.0, 306000000000000.0, 307000000000000.0, 308000000000000.0, 309000000000000.0, 310000000000000.0, 311000000000000.0, 312000000000000.0, 313000000000000.0, 314000000000000.0, 315000000000000.0, 316000000000000.0, 317000000000000.0, 318000000000000.0, 319000000000000.0, 320000000000000.0, 321000000000000.0, 322000000000000.0, 323000000000000.0, 324000000000000.0, 325000000000000.0]",100,349283,133,0.04
4,case Document Type,Supplier2_Comparative_Mining,case Document Type,Additional attribute,Case level,string,349526,2,"['Standard PO', 'Framework order', <NA>]",3,349524,11,0
5,case Sub spend area text,Supplier2_Comparative_Mining,case Sub spend area text,Additional attribute,Case level,string,349526,109,"['Road Packed', 'Metal Containers & Lids < 30L', 'Labels', 'Plastic Containers & Lids < 30L', 'Products for Resale', 'MRO (components)', 'Vinyl Acetate Ethylenes', 'Commercial Printing', 'Trading products (old structure)', 'Isocyanates', 'Pure Acrylics', 'Polyamides & Polyamines', 'Alkyd Resins', 'Polyurethane Resins', 'Customers', 'Styrene Acrylics', 'Defoamers & Antifoams', 'Packaging - Other', 'Biocides', 'Rheology & Thixotropic Agents', 'Extenders', 'Latexes - Other', 'Chloride', 'Surfactants', 'Colorants', 'Public Relations', 'Glycol & Ether Solvents', 'undefined', 'Carbon Black Pigments', 'Opaque Polymers', 'Driers & Antiskinning Agents', 'Drums', 'Paperboard', 'Light & Heat Stabilizers', 'Waxes', 'Corrosion Inhibitors', 'Raw Material', 'Laboratory Supplies & Services', 'Catalysts & Initiators', 'Color Collateral', 'Commodity Resins Precursors', 'Ester Solvents', 'Vinyl Acrylics', 'Packaging', 'Aliphatic Solvents', 'Other Logistics Services', 'Sea', 'Mixing Machines', 'Exhibitions & seminars', 'Polyvinyl Acetates', 'Facility Management', 'Technical Services', 'Sulphate', 'Neutralisation Agents', 'Closures', 'Inorganic Pigments', 'Warehousing', 'Tubes', 'Intermediate Bulk Containers (IBC)', 'Utilities', 'Pallets', 'Marketing Support Services', 'HR Services', 'Plastic Film', 'Business Gifts & Promotional Items', 'Epoxy Resins - Liquid', 'Gasses', 'Additives - Other', 'Point of Sales', 'Spend Area Unidentified', 'QHSE Services', 'ICT Hardware', 'Jerry Cans', 'Amino Resins', 'Bags', <NA>, 'Bottles', 'Specialty Resins Precursors', 'UV Resins', 'Specialty Resins - Other', 'Ketones Solvents', 'Hybrid Containers', 'Process Automation & Instrumentation', 'Fire Protection Agents', 'Effect Pigments', 'Acrylic Resins ¬ñ Liquid', 'Organic Pigments', 'Design', 'Adhesion Promotors', 'Alcohol Solvents', 'Sales Promotion', 'Plasticizers', 'Transport & Hoisting Equipment', 'Solvents - Other', 'Equipment', 'Aromatic Solvents', 'Epoxy Resins - Solid', 'Polyester Resins - Liquid', 'Caseins & Starches', 'Spectrophotometers']",100,349417,11,0
6,case Purch. Doc. Category name,Supplier2_Comparative_Mining,case Purch. Doc. Category name,Additional attribute,Case level,string,349526,1,"['Purchase order', <NA>]",2,349525,438,0.13
7,case Vendor,Supplier2_Comparative_Mining,case Vendor,Additional attribute,Case level,string,349526,1109,"['vendorID_0472', 'vendorID_0106', 'vendorID_0103', 'vendorID_0104', 'vendorID_0105', 'vendorID_0284', 'vendorID_0115', 'vendorID_0114', 'vendorID_0755', 'vendorID_0236', 'vendorID_0237', 'vendorID_0756', 'vendorID_0121', 'vendorID_0239', 'vendorID_1135', 'vendorID_0671', 'vendorID_0716', 'vendorID_0672', 'vendorID_1120', 'vendorID_0271', 'vendorID_0120', 'vendorID_0468', 'vendorID_0245', 'vendorID_0246', 'vendorID_0302', 'vendorID_0937', 'vendorID_0381', 'vendorID_0110', 'vendorID_0138', 'vendorID_0251', 'vendorID_0145', 'vendorID_0489', 'vendorID_0135', 'vendorID_0167', 'vendorID_0224', 'vendorID_0264', 'vendorID_0879', 'vendorID_0280', 'vendorID_0433', 'vendorID_0127', 'vendorID_0244', 'vendorID_0243', 'vendorID_0300', 'vendorID_0113', 'vendorID_0283', 'vendorID_0133', 'vendorID_0242', 'vendorID_0130', 'vendorID_0442', 'vendorID_0844', 'vendorID_0448', 'vendorID_0107', 'vendorID_0372', 'vendorID_0152', 'vendorID_0963', 'vendorID_0060', 'vendorID_0136', 'vendorID_0126', 'vendorID_0608', 'vendorID_0220', 'vendorID_0184', 'vendorID_1142', 'vendorID_0144', 'vendorID_0146', 'vendorID_0143', 'vendorID_0917', 'vendorID_0139', 'vendorID_0287', 'vendorID_0524', 'vendorID_0730', 'vendorID_0417', 'vendorID_0422', 'vendorID_0192', 'vendorID_0277', 'vendorID_0457', 'vendorID_0299', 'vendorID_0166', 'vendorID_1328', 'vendorID_0278', 'vendorID_0303', 'vendorID_0506', 'vendorID_1329', 'vendorID_0197', 'vendorID_0444', 'vendorID_0620', 'vendorID_0151', 'vendorID_0615', 'vendorID_0932', 'vendorID_0321', 'vendorID_0579', 'vendorID_0323', 'vendorID_0168', 'vendorID_0583', 'vendorID_0312', 'vendorID_1106', 'vendorID_0128', 'vendorID_0804', 'vendorID_0117', 'vendorID_0326', 'vendorID_0618']",100,348417,11,0
8,case Item Type,Supplier2_Comparative_Mining,case Item Type,Additional attribute,Case level,string,349526,5,"['Service', 'Standard', 'Third-party', 'Subcontracting', 'Consignment', <NA>]",6,349521,11,0
9,case Item Category,Supplier2_Comparative_Mining,case Item Category,Additional attribute,Case level,string,349526,3,"['Three way match, invoice after GR', 'Three way match, invoice before GR', <NA>, 'Consignment']",4,349523,784,0.22
10,case Spend classification text,Supplier2_Comparative_Mining,case Spend classification text,Additional attribute,Case level,string,349526,4,"['NPR', 'PR', 'OTHER', 'undefined', <NA>]",5,349522,11,0
11,case Source,Supplier2_Comparative_Mining,case Source,Additional attribute,Case level,string,349526,1,"['sourceSystemID_0000', <NA>]",2,349525,11,0
12,case Name,Supplier2_Comparative_Mining,case Name,Additional attribute,Case level,string,349526,1050,"['vendor_0457', 'vendor_0106', 'vendor_0103', 'vendor_0104', 'vendor_0105', 'vendor_0276', 'vendor_0115', 'vendor_0114', 'vendor_0720', 'vendor_0231', 'vendor_0232', 'vendor_0721', 'vendor_0120', 'vendor_0234', 'vendor_1079', 'vendor_0646', 'vendor_0685', 'vendor_0647', 'vendor_1065', 'vendor_0188', 'vendor_0119', 'vendor_0453', 'vendor_0240', 'vendor_0241', 'vendor_0293', 'vendor_0894', 'vendor_0370', 'vendor_0110', 'vendor_0137', 'vendor_0062', 'vendor_0144', 'vendor_0473', 'vendor_0134', 'vendor_0165', 'vendor_0219', 'vendor_0257', 'vendor_0839', 'vendor_0272', 'vendor_0421', 'vendor_0126', 'vendor_0239', 'vendor_0238', 'vendor_0291', 'vendor_0113', 'vendor_0275', 'vendor_0132', 'vendor_0237', 'vendor_0129', 'vendor_0429', 'vendor_0804', 'vendor_0435', 'vendor_0107', 'vendor_0361', 'vendor_0150', 'vendor_0920', 'vendor_0060', 'vendor_0135', 'vendor_0125', 'vendor_0271', 'vendor_0216', 'vendor_0164', 'vendor_1086', 'vendor_0143', 'vendor_0142', 'vendor_0876', 'vendor_0138', 'vendor_0278', 'vendor_0508', 'vendor_0475', 'vendor_0406', 'vendor_0410', 'vendor_0189', 'vendor_0269', 'vendor_0443', 'vendor_0290', 'vendor_1269', 'vendor_0270', 'vendor_0294', 'vendor_0490', 'vendor_1270', 'vendor_0194', 'vendor_0431', 'vendor_0597', 'vendor_0149', 'vendor_0594', 'vendor_0889', 'vendor_0312', 'vendor_0305', 'vendor_0314', 'vendor_0166', 'vendor_0565', 'vendor_0303', 'vendor_1052', 'vendor_0127', 'vendor_0764', 'vendor_0116', 'vendor_0317', 'vendor_0596', 'vendor_0722', 'vendor_0036']",100,348476,11,0
13,case GR-Based Inv. Verif.,Supplier2_Comparative_Mining,case GR-Based Inv. Verif.,Additional attribute,Case level,int64,349526,2,"[1, 0]",2,349524,0,0
14,case Item,Supplier2_Comparative_Mining,case Item,Additional attribute,Case level,int64,349526,233,"[1, 10, 20, 30, 100, 40, 50, 60, 70, 80, 90, 110, 120, 130, 140, 150, 160, 170, 180, 190, 200, 210, 220, 230, 240, 250, 260, 270, 280, 290, 300, 310, 320, 330, 340, 350, 360, 370, 380, 390, 400, 410, 420, 430, 440, 450, 460, 470, 1000, 1010, 1020, 1030, 1040, 1050, 1060, 1070, 1080, 1090, 1100, 480, 490, 500, 510, 520, 530, 540, 550, 560, 570, 580, 590, 600, 610, 620, 630, 640, 650, 660, 670, 680, 690, 700, 710, 720, 730, 740, 750, 760, 770, 780, 790, 800, 810, 820, 830, 840, 850, 860, 870, 880]",100,349293,0,0
15,case concept:name,Supplier2_Comparative_Mining,case concept:name,Additional attribute,Case level,string,349526,53733,"['4507016139_00001', '4507016140_00010', '4507016140_00020', '4507016140_00030', <NA>, '4507016900_00050', '4507016901_00010', '4507016902_00010', '4507016902_00020', '4507016902_00030', '4507016902_00040', '4507016902_00050', '4507016903_00010', '4507016903_00100', '4507016903_00110', '4507016903_00120', '4507016903_00130', '4507016903_00020', '4507016903_00030', '4507016903_00040', '4507016903_00050', '4507016903_00060', '4507016903_00070', '4507016903_00080', '4507016903_00090', '4507016904_00010', '4507016904_00020', '4507016905_00010', '4507016905_00020', '4507016905_00030', '4507016906_00010', '4507016907_00010', '4507016907_00020', '4507016907_00030', '4507016908_00010', '4507016909_00010', '4507016909_00020', '4507016910_00010', '4507016910_00100', '4507016910_00020', '4507016910_00030', '4507016910_00040', '4507016910_00050', '4507016910_00060', '4507016910_00070', '4507016910_00080', '4507016910_00090', '4507016911_00010', '4507016912_00010', '4507016912_00020', '4507016913_00010', '4507016914_00010', '4507016915_00010', '4507016915_00020', '4507016915_00030', '4507016916_00010', '4507016917_00010', '4507016917_00020', '4507016917_00030', '4507016918_00010', '4507016918_00020', '4507016918_00030', '4507016919_00010', '4507016919_00020', '4507016920_00010', '4507016920_00020', '4507016921_00010', '4507016921_00020', '4507016921_00030', '4507016921_00040', '4507016921_00050', '4507016921_00060', '4507016921_00070', '4507016922_00010', '4507016923_00010', '4507016924_00010', '4507016925_00010', '4507016925_00100', '4507016925_00110', '4507016925_00120', '4507016925_00130', '4507016925_00140', '4507016925_00020', '4507016925_00030', '4507016925_00040', '4507016925_00050', '4507016925_00060', '4507016925_00070', '4507016925_00080', '4507016925_00090', '4507016926_00010', '4507016926_00100', '4507016926_00110', '4507016926_00120', '4507016926_00130', '4507016926_00140', '4507016926_00150', '4507016926_00160', '4507016926_00170', '4507016926_00020']",100,295793,16078,4.6
16,case Goods Receipt,Supplier2_Comparative_Mining,case Goods Receipt,Additional attribute,Case level,string,349526,1,"['True', <NA>]",2,349525,16078,4.6
17,event User,Supplier2_Comparative_Mining,event User,Additional attribute,Event level,string,349526,333,"[<NA>, 'batch_07', 'batch_03', 'user_029', 'user_030', 'user_019', 'user_002', 'user_006', 'user_061', 'user_257', 'user_077', 'user_052', 'user_039', 'user_107', 'user_020', 'user_059', 'user_031', 'user_045', 'user_262', 'user_012', 'user_212', 'user_013', 'user_007', 'user_141', 'user_044', 'user_049', 'batch_02', 'user_147', 'batch_06', 'user_050', 'user_001', 'user_274', 'user_015', 'user_144', 'user_128', 'user_038', 'user_089', 'user_177', 'user_070', 'user_072', 'user_040', 'user_004', 'user_048', 'user_139', 'batch_00', 'user_125', 'user_122', 'user_023', 'user_362', 'user_085', 'user_186', 'user_087', 'user_105', 'user_082', 'user_066', 'user_053', 'user_084', 'user_086', 'user_121', 'user_079', 'user_152', 'user_102', 'user_078', 'user_076', 'user_258', 'user_088', 'user_363', 'user_142', 'user_126', 'user_120', 'user_095', 'user_096', 'user_101', 'user_080', 'user_094', 'batch_08', 'user_127', 'user_190', 'user_081', 'user_099', 'undefined', 'user_154', 'user_167', 'user_321', 'user_037', 'user_243', 'user_065', 'user_364', 'user_359', 'user_331', 'user_158', 'user_033', 'user_034', 'user_071', 'user_148', 'user_168', 'user_064', 'user_119', 'user_062', 'user_056']",100,349193,103390,29.58
18,event org:resource,Supplier2_Comparative_Mining,event org:resource,Additional attribute,Event level,string,349526,333,"[<NA>, 'batch_07', 'batch_03', 'user_029', 'user_030', 'user_019', 'user_002', 'user_006', 'user_061', 'user_257', 'user_077', 'user_052', 'user_039', 'user_107', 'user_020', 'user_059', 'user_031', 'user_045', 'user_262', 'user_012', 'user_212', 'user_013', 'user_007', 'user_141', 'user_044', 'user_049', 'batch_02', 'user_147', 'batch_06', 'user_050', 'user_001', 'user_274', 'user_015', 'user_144', 'user_128', 'user_038', 'user_089', 'user_177', 'user_070', 'user_072', 'user_040', 'user_004', 'user_048', 'user_139', 'batch_00', 'user_125', 'user_122', 'user_023', 'user_362', 'user_085', 'user_186', 'user_087', 'user_105', 'user_082', 'user_066', 'user_053', 'user_084', 'user_086', 'user_121', 'user_079', 'user_152', 'user_102', 'user_078', 'user_076', 'user_258', 'user_088', 'user_363', 'user_142', 'user_126', 'user_120', 'user_095', 'user_096', 'user_101', 'user_080', 'user_094', 'batch_08', 'user_127', 'user_190', 'user_081', 'user_099', 'undefined', 'user_154', 'user_167', 'user_321', 'user_037', 'user_243', 'user_065', 'user_364', 'user_359', 'user_331', 'user_158', 'user_033', 'user_034', 'user_071', 'user_148', 'user_168', 'user_064', 'user_119', 'user_062', 'user_056']",100,349193,103390,29.58
19,event Cumulative net worth (EUR),Supplier2_Comparative_Mining,event Cumulative net worth (EUR),Additional attribute,Event level,float64,349526,11330,"[72.0, 30957.0, 1157.0, 2386.0, 21699.0, 144.0, 19239.0, 17937.0, 2820.0, 1900.0, 4320.0, 2880.0, nan, 472.0, 397.0, 865.0, 555.0, 249.0, 286.0, 474.0, 0.0, 49.0, 1505.0, 356.0, 160.0, 205.0, 247.0, 288.0, 302.0, 240.0, 2165.0, 1074.0, 1213.0, 178.0, 89.0, 1815.0, 154.0, 121.0, 5736.0, 3507.0, 119.0, 148.0, 363.0, 1468.0, 1257.0, 4464.0, 177.0, 791.0, 954.0, 77.0, 6754.0, 16170.0, 17310.0, 8494.0, 129.0, 90.0, 69.0, 123.0, 583.0, 75.0, 5578.0, 196.0, 1.0, 321.0, 628.0, 551.0, 516.0, 2597.0, 380.0, 831.0, 1188.0, 1357.0, 1166.0, 417.0, 370.0, 2321.0, 4285.0, 546.0, 163.0, 309.0, 2540.0, 661.0, 429.0, 393.0, 1010.0, 1617.0, 593.0, 275.0, 396.0, 168.0, 116.0, 428.0, 395.0, 1072.0, 1266.0, 896.0, 494.0, 548.0, 32154.0, 2267.0]",100,338196,16078,4.6